,Gender,Age,Sleep Duration,Quality of Sleep,Physical Activity Level,Stress Level,systolic_bp,high_stress
Gender,1.0,-0.5963576704255387,-0.12157853797785176,-0.29136585512941326,0.0014544629225321604,0.396018154094868,-0.21052720672684688,0.6428255799020132
Age,-0.5963576704255387,1.0,0.3447093581647443,0.4737338761619895,0.17899272043316286,-0.42234448262025065,0.605878444049098,-0.4401365994236973
Sleep Duration,-0.12157853797785176,0.3447093581647443,1.0,0.8832130004106182,0.21236031472575895,-0.8110230278940436,-0.1804062764300443,-0.4900323742203154
Quality of Sleep,-0.29136585512941326,0.4737338761619895,0.8832130004106182,1.0,0.19289645493975385,-0.8987520310040412,-0.12163199613350596,-0.6595059003457485
Physical Activity Level,0.0014544629225321604,0.17899272043316286,0.21236031472575895,0.19289645493975385,1.0,-0.034134463516743055,0.2654159731612868,0.1466944743082312
Stress Level,0.396018154094868,-0.42234448262025065,-0.8110230278940436,-0.8987520310040412,-0.034134463516743055,1.0,0.1028181586846426,0.8290185425134804
systolic_bp,-0.21052720672684688,0.605878444049098,-0.1804062764300443,-0.12163199613350596,0.2654159731612868,0.1028181586846426,1.0,0.0841641731746691
high_stress,0.6428255799020132,-0.4401365994236973,-0.4900323742203154,-0.6595059003457485,0.1466944743082312,0.8290185425134804,0.0841641731746691,1.0
