,age,sex,trestbps,chol,fbs,heart_disease_binary
age,1.0,-0.09754228377924508,0.28494591931369023,0.2089502699467822,0.11853024221696316,0.2231202946904511
sex,-0.09754228377924508,1.0,-0.06445589795334801,-0.19991468261203615,0.04786212108341733,0.2768163163920976
trestbps,0.28494591931369023,-0.06445589795334801,1.0,0.1301201084926919,0.17534022687457218,0.1508254495945063
chol,0.2089502699467822,-0.19991468261203615,0.1301201084926919,1.0,0.009841023043464818,0.0851636113995312
fbs,0.11853024221696316,0.04786212108341733,0.17534022687457218,0.009841023043464818,1.0,0.025263666975726125
heart_disease_binary,0.2231202946904511,0.2768163163920976,0.1508254495945063,0.0851636113995312,0.025263666975726125,1.0
